<?xml version="1.0" encoding="utf-8"?>
<django-objects version="1.0">
  <object model="auth.user" pk="1">
    <field name="password" type="CharField">pbkdf2_sha256$600000$kGBGBFFz1IUK5SXX5BmQ0f$iMlqAKnAmBByTO+k1OhR1/ZYsNX3xfizURt0w/beas4=</field>
    <field name="last_login" type="DateTimeField">2024-01-11T11:31:54.404270+00:00</field>
    <field name="is_superuser" type="BooleanField">True</field>
    <field name="username" type="CharField">admin</field>
    <field name="first_name" type="CharField"></field>
    <field name="last_name" type="CharField"></field>
    <field name="email" type="CharField"></field>
    <field name="is_staff" type="BooleanField">True</field>
    <field name="is_active" type="BooleanField">True</field>
    <field name="date_joined" type="DateTimeField">2024-01-09T13:31:01.422712+00:00</field>
    <field name="groups" rel="ManyToManyRel" to="auth.group"></field>
    <field name="user_permissions" rel="ManyToManyRel" to="auth.permission"></field>
  </object>
  <object model="auth.user" pk="2">
    <field name="password" type="CharField">pbkdf2_sha256$600000$inOmYikElMiIDZcvyVlq2H$mRbQU87nNqyHv3nuT84wt8v3k4rgZaXv13TuTsgBdQU=</field>
    <field name="last_login" type="DateTimeField"><None></None></field>
    <field name="is_superuser" type="BooleanField">False</field>
    <field name="username" type="CharField">Olen</field>
    <field name="first_name" type="CharField"></field>
    <field name="last_name" type="CharField"></field>
    <field name="email" type="CharField"></field>
    <field name="is_staff" type="BooleanField">False</field>
    <field name="is_active" type="BooleanField">True</field>
    <field name="date_joined" type="DateTimeField">2024-01-11T11:16:34.838850+00:00</field>
    <field name="groups" rel="ManyToManyRel" to="auth.group"></field>
    <field name="user_permissions" rel="ManyToManyRel" to="auth.permission"></field>
  </object>
  <object model="auth.user" pk="3">
    <field name="password" type="CharField">pbkdf2_sha256$600000$ba9ScY0D9etFDoO5n45dQb$OJjwsE8qlgaAHDQy8P9bTPaRNY4qsPCiq93tT/zX0Ms=</field>
    <field name="last_login" type="DateTimeField">2024-01-11T11:31:01.407633+00:00</field>
    <field name="is_superuser" type="BooleanField">False</field>
    <field name="username" type="CharField">Visit</field>
    <field name="first_name" type="CharField"></field>
    <field name="last_name" type="CharField"></field>
    <field name="email" type="CharField"></field>
    <field name="is_staff" type="BooleanField">False</field>
    <field name="is_active" type="BooleanField">True</field>
    <field name="date_joined" type="DateTimeField">2024-01-11T11:28:56.356348+00:00</field>
    <field name="groups" rel="ManyToManyRel" to="auth.group"><object pk="1"></object></field>
    <field name="user_permissions" rel="ManyToManyRel" to="auth.permission"></field>
  </object>
</django-objects>